month,inbound_demand_index,airport_demand_index,basis
2025-01,78,84.2,Synthetic planning index; official source link in docs/sources.md
2025-02,74,79.9,Synthetic planning index; official source link in docs/sources.md
2025-03,82,88.6,Synthetic planning index; official source link in docs/sources.md
2025-04,85,91.8,Synthetic planning index; official source link in docs/sources.md
2025-05,88,95.0,Synthetic planning index; official source link in docs/sources.md
2025-06,91,98.3,Synthetic planning index; official source link in docs/sources.md
2025-07,94,101.5,Synthetic planning index; official source link in docs/sources.md
2025-08,98,105.8,Synthetic planning index; official source link in docs/sources.md
2025-09,104,112.3,Synthetic planning index; official source link in docs/sources.md
2025-10,102,110.2,Synthetic planning index; official source link in docs/sources.md
2025-11,93,100.4,Synthetic planning index; official source link in docs/sources.md
2025-12,86,92.9,Synthetic planning index; official source link in docs/sources.md
