campaign_date,daily_spend_twd,cumulative_spend_twd,budget_twd,planned_cumulative_spend_twd,budget_spend_rate,budget_status
2025-09-01,0.0,0.0,150000.0,2678.5714285714284,0.0,on_track
2025-09-02,400.0,400.0,150000.0,5357.142857142857,0.0026666666666666666,on_track
2025-09-03,800.0,1200.0,150000.0,8035.714285714285,0.008,on_track
2025-09-04,950.0,2150.0,150000.0,10714.285714285714,0.014333333333333333,on_track
2025-09-05,2050.0,4200.0,150000.0,13392.857142857141,0.028,on_track
2025-09-06,2600.0,6800.0,150000.0,16071.42857142857,0.04533333333333334,on_track
2025-09-07,3050.0,9850.0,150000.0,18750.0,0.06566666666666666,on_track
2025-09-08,2700.0,12550.0,150000.0,21428.571428571428,0.08366666666666667,on_track
2025-09-09,3700.0,16250.0,150000.0,24107.142857142855,0.10833333333333334,on_track
2025-09-10,3150.0,19400.0,150000.0,26785.714285714283,0.12933333333333333,on_track
2025-09-11,4150.0,23550.0,150000.0,29464.285714285714,0.157,on_track
2025-09-12,4350.0,27900.0,150000.0,32142.85714285714,0.186,on_track
2025-09-13,3950.0,31850.0,150000.0,34821.42857142857,0.21233333333333335,on_track
2025-09-14,2400.0,34250.0,150000.0,37500.0,0.22833333333333333,on_track
2025-09-15,4300.0,38550.0,150000.0,40178.57142857143,0.257,on_track
2025-09-16,3400.0,41950.0,150000.0,42857.142857142855,0.2796666666666667,on_track
2025-09-17,4100.0,46050.0,150000.0,45535.71428571428,0.307,on_track
2025-09-18,4450.0,50500.0,150000.0,48214.28571428571,0.33666666666666667,on_track
2025-09-19,4700.0,55200.0,150000.0,50892.85714285714,0.368,on_track
2025-09-20,4500.0,59700.0,150000.0,53571.428571428565,0.398,on_track
2025-09-21,4050.0,63750.0,150000.0,56250.0,0.425,on_track
2025-09-22,3500.0,67250.0,150000.0,58928.57142857143,0.4483333333333333,on_track
2025-09-23,4550.0,71800.0,150000.0,61607.142857142855,0.4786666666666667,alert_over_pace
2025-09-24,3300.0,75100.0,150000.0,64285.71428571428,0.5006666666666667,alert_over_pace
2025-09-25,4650.0,79750.0,150000.0,66964.28571428571,0.5316666666666666,alert_over_pace
2025-09-26,4450.0,84200.0,150000.0,69642.85714285714,0.5613333333333334,alert_over_pace
2025-09-27,6100.0,90300.0,150000.0,72321.42857142857,0.602,alert_over_pace
2025-09-28,3800.0,94100.0,150000.0,75000.0,0.6273333333333333,alert_over_pace
2025-09-29,4300.0,98400.0,150000.0,77678.57142857142,0.656,alert_over_pace
2025-09-30,3600.0,102000.0,150000.0,80357.14285714286,0.68,alert_over_pace
2025-10-01,4650.0,106650.0,150000.0,83035.71428571428,0.711,alert_over_pace
2025-10-02,3000.0,109650.0,150000.0,85714.28571428571,0.731,alert_over_pace
2025-10-03,3350.0,113000.0,150000.0,88392.85714285714,0.7533333333333333,alert_over_pace
2025-10-04,4650.0,117650.0,150000.0,91071.42857142857,0.7843333333333333,alert_over_pace
2025-10-05,2850.0,120500.0,150000.0,93750.0,0.8033333333333333,alert_over_pace
2025-10-06,5050.0,125550.0,150000.0,96428.57142857142,0.837,alert_over_pace
2025-10-07,3700.0,129250.0,150000.0,99107.14285714286,0.8616666666666667,alert_over_pace
2025-10-08,3300.0,132550.0,150000.0,101785.71428571428,0.8836666666666667,alert_over_pace
2025-10-09,3650.0,136200.0,150000.0,104464.28571428571,0.908,alert_over_pace
2025-10-10,4650.0,140850.0,150000.0,107142.85714285713,0.939,alert_over_pace
2025-10-11,5050.0,145900.0,150000.0,109821.42857142857,0.9726666666666667,alert_over_pace
2025-10-12,4000.0,149900.0,150000.0,112500.0,0.9993333333333333,alert_over_pace
2025-10-13,4150.0,154050.0,150000.0,115178.57142857142,1.027,alert_over_budget
2025-10-14,3650.0,157700.0,150000.0,117857.14285714286,1.0513333333333332,alert_over_budget
2025-10-15,4800.0,162500.0,150000.0,120535.71428571428,1.0833333333333333,alert_over_budget
2025-10-16,4000.0,166500.0,150000.0,123214.28571428571,1.11,alert_over_budget
2025-10-17,3400.0,169900.0,150000.0,125892.85714285713,1.1326666666666667,alert_over_budget
2025-10-18,4150.0,174050.0,150000.0,128571.42857142857,1.1603333333333334,alert_over_budget
2025-10-19,4050.0,178100.0,150000.0,131250.0,1.1873333333333334,alert_over_budget
2025-10-20,4100.0,182200.0,150000.0,133928.57142857142,1.2146666666666666,alert_over_budget
2025-10-21,3450.0,185650.0,150000.0,136607.14285714284,1.2376666666666667,alert_over_budget
2025-10-22,4200.0,189850.0,150000.0,139285.7142857143,1.2656666666666667,alert_over_budget
2025-10-23,4750.0,194600.0,150000.0,141964.2857142857,1.2973333333333332,alert_over_budget
2025-10-24,3650.0,198250.0,150000.0,144642.85714285713,1.3216666666666668,alert_over_budget
2025-10-25,4300.0,202550.0,150000.0,147321.42857142855,1.3503333333333334,alert_over_budget
2025-10-26,4050.0,206600.0,150000.0,150000.0,1.3773333333333333,alert_over_budget
2025-10-27,800.0,207400.0,150000.0,150000.0,1.3826666666666667,alert_over_budget
2025-10-28,700.0,208100.0,150000.0,150000.0,1.3873333333333333,alert_over_budget
2025-10-29,400.0,208500.0,150000.0,150000.0,1.39,alert_over_budget
2025-10-30,300.0,208800.0,150000.0,150000.0,1.392,alert_over_budget
2025-10-31,0.0,208800.0,150000.0,150000.0,1.392,alert_over_budget
2025-11-01,100.0,208900.0,150000.0,150000.0,1.3926666666666667,alert_over_budget
2025-11-02,0.0,208900.0,150000.0,150000.0,1.3926666666666667,alert_over_budget
